Mean,Standard Deviation
-0.011439063520371712,0.556682923538559
